{"cameraMode":{"drawMode":0,"name":"Shaded","section":"Shading Mode"},"sceneLighting":true,"audioPlay":false,"sceneViewState":{"showFog":true,"showMaterialUpdate":false,"showSkybox":true,"showFlares":true,"showImageEffects":true,"showParticleSystems":true},"in2DMode":false,"pivot":{"x":6.038171291351318,"y":-0.868255615234375,"z":-3.31486177444458},"rotation":{"x":-0.05711902678012848,"y":0.9334965944290161,"z":-0.3091534376144409,"w":-0.17247217893600465},"size":4.494015216827393,"orthographic":false}